{
  "trial_number": 23,
  "timestamp": "2025-12-04T16:56:38.951915",
  "parameters": {
    "iterations": 193,
    "alpha": 2.3558546771167017,
    "beta": 3.228968370635985,
    "rho": 0.2944821007310936,
    "ant_count": 49,
    "Q": 2.081026416929676,
    "patience": 0.6922037788574612,
    "exploitation_ratio": 0.5462193760404219,
    "color_preference_weight": 13.575657847428463,
    "constraint_penalty_weight": 0.18103060777920243,
    "min_pheromone": 0.16594637392984607,
    "max_pheromone": 9.257060487280771,
    "num_strategies": 4,
    "use_warmup": true
  },
  "objective_value": 33.0,
  "total_color_count": 33.0,
  "graphs": {
    "gc_20_9": {
      "graph_size": 20,
      "color_count": 11,
      "iterations_used": 133,
      "elapsed_time": 106.02403497695923
    },
    "gc_50_9": {
      "graph_size": 50,
      "color_count": 22,
      "iterations_used": 133,
      "elapsed_time": 214.53747987747192
    }
  }
}