{
  "trial_number": 1,
  "timestamp": "2025-12-04T16:28:18.845305",
  "parameters": {
    "iterations": 232,
    "alpha": 2.3631977550434007,
    "beta": 3.134345996295644,
    "rho": 0.2982347421666359,
    "ant_count": 65,
    "Q": 1.1492035732616577,
    "patience": 0.8495735013134191,
    "exploitation_ratio": 0.5016289206636492,
    "color_preference_weight": 10.923337123293724,
    "constraint_penalty_weight": 0.11590950213542647,
    "min_pheromone": 0.16399976629860782,
    "max_pheromone": 7.201245476601609,
    "num_strategies": 4,
    "use_warmup": true
  },
  "objective_value": 33.0,
  "total_color_count": 33.0,
  "graphs": {
    "gc_20_9": {
      "graph_size": 20,
      "color_count": 11,
      "iterations_used": 197,
      "elapsed_time": 109.18379378318787
    },
    "gc_50_9": {
      "graph_size": 50,
      "color_count": 22,
      "iterations_used": 197,
      "elapsed_time": 417.6393518447876
    }
  }
}