{
  "trial_number": 29,
  "timestamp": "2025-12-02T08:11:49.589500",
  "parameters": {
    "iterations": 224,
    "alpha": 1.3235342272444197,
    "beta": 5.304388733969097,
    "rho": 0.3392677986197043,
    "ant_count": 89,
    "Q": 7.79462928732442,
    "patience": 0.5686310369551506
  },
  "objective_value": 213.0,
  "total_color_count": 213.0,
  "graphs": {
    "gc_500_9": {
      "graph_size": 500,
      "color_count": 213,
      "iterations_used": 130,
      "elapsed_time": 14109.895862340927
    }
  }
}