{
  "trial_number": 3,
  "timestamp": "2025-11-29T22:04:52.561013",
  "parameters": {
    "iterations": 90,
    "alpha": 1.7686424562807066,
    "beta": 4.145739283564881,
    "rho": 0.018816307025280872,
    "ant_count": 48,
    "Q": 1.557589845760559
  },
  "objective_value": 40.0,
  "total_color_count": 40.0,
  "graphs": {
    "gc_20_9": {
      "num_colors_used": 11,
      "initial_num_colors": 11,
      "graph_size": 22,
      "color_count": 11,
      "conflict_count": 0,
      "iterations_used": 2,
      "elapsed_time": 0.042983055114746094
    },
    "gc_4_1": {
      "num_colors_used": 10,
      "initial_num_colors": 10,
      "graph_size": 5,
      "color_count": 3,
      "conflict_count": 0,
      "iterations_used": 1,
      "elapsed_time": 0.005066871643066406
    },
    "gc_50_9": {
      "num_colors_used": 34,
      "initial_num_colors": 26,
      "graph_size": 52,
      "color_count": 26,
      "conflict_count": 3,
      "iterations_used": 90,
      "elapsed_time": 12.60503888130188
    }
  }
}